split,image,label,sha256,width,height,box_count,classes,annotation_source
train,images/train/Chicken_eggs_jpeg.rf.9d7560f20d64942296e2b2f1a178e4df.jpg,labels/train/Chicken_eggs_jpeg.rf.9d7560f20d64942296e2b2f1a178e4df.txt,94df725840b9fb4c3f6ba67be06a33af3a447b888c245a9be908a40ddbc0031b,416,416,4,"W-eggs,B-eggs,B-eggs,B-eggs",heuristic-contour-generated; requires visual verification
train,images/train/Chicken_eggs_jpeg.rf.c31f97aea41af7c2651c8efdc16efacc.jpg,labels/train/Chicken_eggs_jpeg.rf.c31f97aea41af7c2651c8efdc16efacc.txt,494caf6fc7eb0fe109c6b90a942cfa1dbe09cae20821df7bb9f37b9c332e5d3c,416,416,4,"W-eggs,B-eggs,B-eggs,B-eggs",heuristic-contour-generated; requires visual verification
train,images/train/Chicken_eggs_jpeg.rf.d8d55a9cefca73a9392bbcca512ff6d1.jpg,labels/train/Chicken_eggs_jpeg.rf.d8d55a9cefca73a9392bbcca512ff6d1.txt,8717626b9e852d93f2c094fe478aaa181c37fec23e994ed920e69b9e7b333e92,416,416,4,"W-eggs,B-eggs,B-eggs,B-eggs",heuristic-contour-generated; requires visual verification
train,images/train/IMG_20180410_171830_jpg.rf.2a22e1931ea1863c5a6b748e356b40d0.jpg,labels/train/IMG_20180410_171830_jpg.rf.2a22e1931ea1863c5a6b748e356b40d0.txt,6d761d584080cf9ba8659226aa555e28b7ad3c46569e1e23c383d8538e96e57b,416,416,2,"B-eggs,B-eggs",heuristic-contour-generated; requires visual verification
train,images/train/IMG_20180410_171830_jpg.rf.cbac837ff8fb345dd301973cd0fa0dd6.jpg,labels/train/IMG_20180410_171830_jpg.rf.cbac837ff8fb345dd301973cd0fa0dd6.txt,439b4adf47e3da27cf8b29516b5f9cd92353bac0b46fab91d89c4bcf39a46c37,416,416,2,"B-eggs,B-eggs",heuristic-contour-generated; requires visual verification
train,images/train/IMG_20180410_171837_jpg.rf.03decbb562af0300a2215e3ee9396cba.jpg,labels/train/IMG_20180410_171837_jpg.rf.03decbb562af0300a2215e3ee9396cba.txt,29441c9feb65ca05b24b67fd9dae3b569c875dcbdeea96e9f5c10eb5dd7e4fd6,416,416,2,"B-eggs,B-eggs",heuristic-contour-generated; requires visual verification
train,images/train/IMG_20180410_171837_jpg.rf.683bf12d24230a43fe0b899ca47e32de.jpg,labels/train/IMG_20180410_171837_jpg.rf.683bf12d24230a43fe0b899ca47e32de.txt,53d5b72a34fa49c0ed4d085bbfe80f0495c077d134d731fc6db38ffb6471ee6d,416,416,2,"B-eggs,B-eggs",heuristic-contour-generated; requires visual verification
train,images/train/IMG_20180410_171854_jpg.rf.03613b4cd4e2440d53844b2f339a7308.jpg,labels/train/IMG_20180410_171854_jpg.rf.03613b4cd4e2440d53844b2f339a7308.txt,c3936e251b468b2d01699c1ab332815473a58492a8addb0e35328904b7b9d368,416,416,2,"B-eggs,B-eggs",heuristic-contour-generated; requires visual verification
train,images/train/IMG_20180410_171854_jpg.rf.1451797363093e5ba29cc24c7038d9b0.jpg,labels/train/IMG_20180410_171854_jpg.rf.1451797363093e5ba29cc24c7038d9b0.txt,8316d31ca7ee16c5455efcd0c94a7ef54954ea6a205b96f7e265b3c63ce854e2,416,416,2,"B-eggs,B-eggs",heuristic-contour-generated; requires visual verification
train,images/train/IMG_20180410_171854_jpg.rf.4143bd601ce3a0b1ede366f80e15a427.jpg,labels/train/IMG_20180410_171854_jpg.rf.4143bd601ce3a0b1ede366f80e15a427.txt,856e55d89426b3b9672dd93e0c75b63fe01f4310d1bf77caa8dfea7055df46e7,416,416,2,"B-eggs,B-eggs",heuristic-contour-generated; requires visual verification
train,images/train/IMG_20180410_171911_jpg.rf.95a44bb5feaf0d9234d172eebc828d7d.jpg,labels/train/IMG_20180410_171911_jpg.rf.95a44bb5feaf0d9234d172eebc828d7d.txt,6b9f0147a3133f1d56d6457c72ce76cde2f4a1ce100e16a40b3c0bfd974694e7,416,416,1,B-eggs,heuristic-contour-generated; requires visual verification
train,images/train/IMG_20180410_171911_jpg.rf.c4707f48c383c6d83cea1cf773d17f66.jpg,labels/train/IMG_20180410_171911_jpg.rf.c4707f48c383c6d83cea1cf773d17f66.txt,602d29d1f6adf215b888b75a4bf3c64c22560537d43f96e1be07cfdab9e7b0d7,416,416,1,B-eggs,heuristic-contour-generated; requires visual verification
train,images/train/IMG_20180410_171911_jpg.rf.fdc4090c32a9717e3f176e14c0214f48.jpg,labels/train/IMG_20180410_171911_jpg.rf.fdc4090c32a9717e3f176e14c0214f48.txt,23fb35276edf51c459e98ef99edc8ba419ce7ab2ab64b4004c8185a5a056f374,416,416,1,B-eggs,heuristic-contour-generated; requires visual verification
train,images/train/IMG_20180410_171923_jpg.rf.395de5584799f93f129aaf644ee2e7f9.jpg,labels/train/IMG_20180410_171923_jpg.rf.395de5584799f93f129aaf644ee2e7f9.txt,f0a59993e69fc07c090998d05c07670346007c4cc807b7c074fd68eef5f73a85,416,416,1,B-eggs,heuristic-contour-generated; requires visual verification
train,images/train/IMG_20180410_171923_jpg.rf.3ab7190ca3142f7819ead81c5ae2e9b1.jpg,labels/train/IMG_20180410_171923_jpg.rf.3ab7190ca3142f7819ead81c5ae2e9b1.txt,5abd154060b0eec65cd30beae18d09db46d1fff63f690158177fd3d53b97f07b,416,416,1,B-eggs,heuristic-contour-generated; requires visual verification
train,images/train/IMG_20180410_171923_jpg.rf.407bd8ba47eca3eb9b1e07722eab04b0.jpg,labels/train/IMG_20180410_171923_jpg.rf.407bd8ba47eca3eb9b1e07722eab04b0.txt,b3e4628444ca6987f8a83d5e3908e383d3c7e21b9c327f73d6b1b0a656be00c4,416,416,1,B-eggs,heuristic-contour-generated; requires visual verification
train,images/train/IMG_20180410_171928_jpg.rf.6b47d3bbaa399bea6e6b61980cae5865.jpg,labels/train/IMG_20180410_171928_jpg.rf.6b47d3bbaa399bea6e6b61980cae5865.txt,a43b23ceb6f9bc75e07d1f6f466557968c7f51ead000f78a4a8c95acd020ba7a,416,416,2,"B-eggs,B-eggs",heuristic-contour-generated; requires visual verification
train,images/train/IMG_20180410_171928_jpg.rf.7b186a73576016e2c0cde0775fe9aa8f.jpg,labels/train/IMG_20180410_171928_jpg.rf.7b186a73576016e2c0cde0775fe9aa8f.txt,1ea5867308dac88abf81157c5115dd652d0dd4ea745cc9f241d2d7b4435be3b4,416,416,2,"B-eggs,B-eggs",heuristic-contour-generated; requires visual verification
train,images/train/IMG_20180410_171928_jpg.rf.d4134d7aad5759dd0da98201b2c41257.jpg,labels/train/IMG_20180410_171928_jpg.rf.d4134d7aad5759dd0da98201b2c41257.txt,76d96d2c03ce38970628718f28ac031fe87c1cf5f4c3eed8f71bac6931af825e,416,416,2,"B-eggs,B-eggs",heuristic-contour-generated; requires visual verification
train,images/train/IMG_20180410_172000_jpg.rf.545e883332560b26e069a27d5fc90c48.jpg,labels/train/IMG_20180410_172000_jpg.rf.545e883332560b26e069a27d5fc90c48.txt,db1cf69c0821735ed535216c5fb1ea40a898ac23ef6c2896b8e3d38cb93648ff,416,416,1,B-eggs,heuristic-contour-generated; requires visual verification
train,images/train/IMG_20180410_172000_jpg.rf.7d8cfc69c1507df4b0b800a51b0074b6.jpg,labels/train/IMG_20180410_172000_jpg.rf.7d8cfc69c1507df4b0b800a51b0074b6.txt,cd98d0a165a9d18e3e78668c1484a19f5a6685927f5cc379bf2d18fce1c2b76c,416,416,1,B-eggs,heuristic-contour-generated; requires visual verification
train,images/train/IMG_20180410_172000_jpg.rf.a20faa1ea2eb3828e9c87b1e42e3f2cf.jpg,labels/train/IMG_20180410_172000_jpg.rf.a20faa1ea2eb3828e9c87b1e42e3f2cf.txt,675d853768ad668ce9aa439d8274b39458ce329b3920830e40aea902245fc3f6,416,416,1,B-eggs,heuristic-contour-generated; requires visual verification
train,images/train/IMG_20180410_172026_jpg.rf.217978f20a165e4af19c0425ee9a10c5.jpg,labels/train/IMG_20180410_172026_jpg.rf.217978f20a165e4af19c0425ee9a10c5.txt,76b929d2e5ae106bab22112cadb628d3907e6eef08f89681e20e0323ca6599c2,416,416,2,"B-eggs,B-eggs",heuristic-contour-generated; requires visual verification
train,images/train/IMG_20180410_172026_jpg.rf.48445db362ed628ecb32884bbb44d21d.jpg,labels/train/IMG_20180410_172026_jpg.rf.48445db362ed628ecb32884bbb44d21d.txt,14da818c18be868c8b98e6a02ffd388ac1e99d22b3e48b6595cfec3fb61a51d8,416,416,2,"B-eggs,B-eggs",heuristic-contour-generated; requires visual verification
train,images/train/IMG_20180410_172026_jpg.rf.993e668a2a1b6e6879d3b886543b2925.jpg,labels/train/IMG_20180410_172026_jpg.rf.993e668a2a1b6e6879d3b886543b2925.txt,31003671d86a3340551375bbff1ac6111f8f1275d700174d3019b946740272b5,416,416,2,"B-eggs,B-eggs",heuristic-contour-generated; requires visual verification
train,images/train/IMG_20180410_172101_jpg.rf.423f2c4f474eb89a3d6436f00e37373f.jpg,labels/train/IMG_20180410_172101_jpg.rf.423f2c4f474eb89a3d6436f00e37373f.txt,428394ebc66eae8cbe292f724756e6fb6f7caffb3dfcf46018731c4469ac5a9c,416,416,2,"B-eggs,B-eggs",heuristic-contour-generated; requires visual verification
train,images/train/IMG_20180410_172101_jpg.rf.49468e21e24d29f13deff8cbc733e020.jpg,labels/train/IMG_20180410_172101_jpg.rf.49468e21e24d29f13deff8cbc733e020.txt,7c364b5e24d856b8d1e3137ba4ef59b26e1bec00b65d94717ae3ab5bc4ea9a62,416,416,2,"B-eggs,B-eggs",heuristic-contour-generated; requires visual verification
train,images/train/IMG_20180410_172101_jpg.rf.cc6a30148c0fc63e90ee53654b116ec3.jpg,labels/train/IMG_20180410_172101_jpg.rf.cc6a30148c0fc63e90ee53654b116ec3.txt,4834f47b585423cc9788edd72adc9295f2f9199afc4db4340398c76360aaf639,416,416,2,"B-eggs,B-eggs",heuristic-contour-generated; requires visual verification
train,images/train/IMG_20180410_172116_jpg.rf.122ba0ffa1d78c5f46e740b534689508.jpg,labels/train/IMG_20180410_172116_jpg.rf.122ba0ffa1d78c5f46e740b534689508.txt,5b71d4dfc8c51015283174deb74483a00cffe95d823e57846e148c957e6e4a68,416,416,1,B-eggs,heuristic-contour-generated; requires visual verification
train,images/train/IMG_20180410_172116_jpg.rf.7a3e8f843f2e2b578d683dca0466a0f3.jpg,labels/train/IMG_20180410_172116_jpg.rf.7a3e8f843f2e2b578d683dca0466a0f3.txt,ac90866345ae109273a7130e686ccc7c696036cad98f32c57384d85ca9543ee1,416,416,1,B-eggs,heuristic-contour-generated; requires visual verification
train,images/train/IMG_20180410_172116_jpg.rf.886a11e2bc7f241987f8c86f5f8eedd1.jpg,labels/train/IMG_20180410_172116_jpg.rf.886a11e2bc7f241987f8c86f5f8eedd1.txt,a536d16e17f1e2d06f1ca50883a745946204615e11737064a32dc0f3392cdde0,416,416,1,B-eggs,heuristic-contour-generated; requires visual verification
train,images/train/IMG_20180410_172128_jpg.rf.05e10930e554f6e8c427744fdabe3d0d.jpg,labels/train/IMG_20180410_172128_jpg.rf.05e10930e554f6e8c427744fdabe3d0d.txt,f07affde4b77a62f66279a966f641dd712a359d510876972f67eaf1b04beaf7e,416,416,1,B-eggs,heuristic-contour-generated; requires visual verification
train,images/train/IMG_20180410_172128_jpg.rf.c5c6fbdcf6bf9cbb5bdcbdc172cddb6b.jpg,labels/train/IMG_20180410_172128_jpg.rf.c5c6fbdcf6bf9cbb5bdcbdc172cddb6b.txt,ff80cc935559f08c5fc2aa51beddaf3d08a5cae9ef152753b7cf6254b12fcc4a,416,416,1,B-eggs,heuristic-contour-generated; requires visual verification
train,images/train/IMG_20180410_172128_jpg.rf.e38d2b0935692370f7a6978373319f8b.jpg,labels/train/IMG_20180410_172128_jpg.rf.e38d2b0935692370f7a6978373319f8b.txt,b04008c8a1f766a79e8cb2172646964269b341f22b53c0f9ed642f4e3d2fe29e,416,416,1,B-eggs,heuristic-contour-generated; requires visual verification
train,images/train/IMG_20180410_172136_jpg.rf.8bfd5b547318416f3ff8f42b9e582618.jpg,labels/train/IMG_20180410_172136_jpg.rf.8bfd5b547318416f3ff8f42b9e582618.txt,e836aea138db9c055467f1fe5e635fb8e5b98a12cace49ad802394b683df5994,416,416,1,B-eggs,heuristic-contour-generated; requires visual verification
train,images/train/IMG_20180410_172136_jpg.rf.ce5edf6cb6dc9db357654da33a83e826.jpg,labels/train/IMG_20180410_172136_jpg.rf.ce5edf6cb6dc9db357654da33a83e826.txt,2360f7ea7b906049394ccf1d86397d933253e58bd83e2c67de15a42f8823481d,416,416,1,B-eggs,heuristic-contour-generated; requires visual verification
train,images/train/IMG_20180410_172136_jpg.rf.ceb04889d3978a1d28b0e4bf8d61c87b.jpg,labels/train/IMG_20180410_172136_jpg.rf.ceb04889d3978a1d28b0e4bf8d61c87b.txt,b2af6196f1eb837a3a5fb42bf206ec60058300867a65a4a8674051c94740dcd8,416,416,1,B-eggs,heuristic-contour-generated; requires visual verification
train,images/train/IMG_20180410_172140_jpg.rf.1d64b07cd386d98bd19d6895c51b0e33.jpg,labels/train/IMG_20180410_172140_jpg.rf.1d64b07cd386d98bd19d6895c51b0e33.txt,7ed3ed6e25f6c5c01cb11490a29af92c86196ad929bb45eb5327d18be878935a,416,416,1,B-eggs,heuristic-contour-generated; requires visual verification
train,images/train/IMG_20180410_172140_jpg.rf.256dc3b5abbaa876d59958e37a3a733d.jpg,labels/train/IMG_20180410_172140_jpg.rf.256dc3b5abbaa876d59958e37a3a733d.txt,0ae74f086ae8e9710790d81d02765573775241396d1bce194cf3fd04438ac75e,416,416,1,B-eggs,heuristic-contour-generated; requires visual verification
train,images/train/IMG_20180410_172156_jpg.rf.262657bdd4401a7b2494de0fc75a247e.jpg,labels/train/IMG_20180410_172156_jpg.rf.262657bdd4401a7b2494de0fc75a247e.txt,b72facbeac18ea546206bf6ce9d4a83bcca51b56b184c937749b573d69136fd2,416,416,1,B-eggs,heuristic-contour-generated; requires visual verification
train,images/train/IMG_20180410_172156_jpg.rf.c1efc67d1e0f6695a777edee028fe124.jpg,labels/train/IMG_20180410_172156_jpg.rf.c1efc67d1e0f6695a777edee028fe124.txt,c5bc18b4203fccbd10265db18df8174a67bb306dbcdc49393d61e6df69e7a7f7,416,416,1,B-eggs,heuristic-contour-generated; requires visual verification
train,images/train/IMG_20180410_172156_jpg.rf.e5825877780005e5a219d5f8ec786dcd.jpg,labels/train/IMG_20180410_172156_jpg.rf.e5825877780005e5a219d5f8ec786dcd.txt,0c08588c91cd02e3d7e3159cfbf5be3c57e64bd0ab843eb6251d8fa9bfb1b981,416,416,1,B-eggs,heuristic-contour-generated; requires visual verification
train,images/train/IMG_20180410_172202_jpg.rf.137ac28e58aa6d656d30d75832ba7229.jpg,labels/train/IMG_20180410_172202_jpg.rf.137ac28e58aa6d656d30d75832ba7229.txt,42b80c74698d41531086739894197201422fdcac695ddaebfef8c9caf36f3cb7,416,416,2,"B-eggs,B-eggs",heuristic-contour-generated; requires visual verification
train,images/train/IMG_20180410_172202_jpg.rf.3f7bf87a62d7dc78fde82f9909f3c8b0.jpg,labels/train/IMG_20180410_172202_jpg.rf.3f7bf87a62d7dc78fde82f9909f3c8b0.txt,51977063a96a9d3131fc72c535a4856446dadf1b5e929e1715fb0b91cc886d1f,416,416,2,"B-eggs,B-eggs",heuristic-contour-generated; requires visual verification
train,images/train/IMG_20180410_172202_jpg.rf.7a4a845917df39badb785d763a67f9e3.jpg,labels/train/IMG_20180410_172202_jpg.rf.7a4a845917df39badb785d763a67f9e3.txt,1da866ba65be443c21d45f1a8f086f8be1a21d65165f43e16934eb4a18eccb19,416,416,2,"B-eggs,B-eggs",heuristic-contour-generated; requires visual verification
train,images/train/IMG_20180410_172208_jpg.rf.02b01fa704c57eb530ea9419d78af6a2.jpg,labels/train/IMG_20180410_172208_jpg.rf.02b01fa704c57eb530ea9419d78af6a2.txt,4b6741bbc804250ab5d7eaab135b5a2cc7b2a7d6335688a85ca4f42da8b36c11,416,416,1,B-eggs,heuristic-contour-generated; requires visual verification
train,images/train/IMG_20180410_172208_jpg.rf.428dadd0772d6a9ab06ad1b9c8768fe2.jpg,labels/train/IMG_20180410_172208_jpg.rf.428dadd0772d6a9ab06ad1b9c8768fe2.txt,e6a374242424f30821c40a5bd3733c27345676197b623e908d0f4a6fa1bd12eb,416,416,1,B-eggs,heuristic-contour-generated; requires visual verification
train,images/train/IMG_20180410_172208_jpg.rf.8c482a614397b213a6016f43eecd7f52.jpg,labels/train/IMG_20180410_172208_jpg.rf.8c482a614397b213a6016f43eecd7f52.txt,236f2a9eb4f9bb4a036dc11d626bdcdec8886853caab8d2bd4ae73759641d53c,416,416,1,B-eggs,heuristic-contour-generated; requires visual verification
train,images/train/IMG_20180410_172216_jpg.rf.30be01a514cda1f42282c29d3359aeaf.jpg,labels/train/IMG_20180410_172216_jpg.rf.30be01a514cda1f42282c29d3359aeaf.txt,bfa30139eceb286337f50434ad86e983235d3eed8e27d73c1bd472af38eddfc6,416,416,2,"B-eggs,B-eggs",heuristic-contour-generated; requires visual verification
train,images/train/IMG_20180410_172216_jpg.rf.533b042d567cebe7007f5f4e16d5d6e6.jpg,labels/train/IMG_20180410_172216_jpg.rf.533b042d567cebe7007f5f4e16d5d6e6.txt,64c5351d264f4bc6f4798cb1f6ce23f6dd1239b636d50c8fbf2c0e5a5b87a325,416,416,2,"B-eggs,B-eggs",heuristic-contour-generated; requires visual verification
train,images/train/IMG_20180410_172216_jpg.rf.9a3c5ac3072b4be8d67e9697c40f783b.jpg,labels/train/IMG_20180410_172216_jpg.rf.9a3c5ac3072b4be8d67e9697c40f783b.txt,debf3b510db67aeb2c67a0c3ab65fe6a86f83a8aadc8c4e978463c32236b6197,416,416,2,"B-eggs,B-eggs",heuristic-contour-generated; requires visual verification
train,images/train/IMG_20180410_172221_jpg.rf.3516106ee24fcb6d027d3c71dc924cf2.jpg,labels/train/IMG_20180410_172221_jpg.rf.3516106ee24fcb6d027d3c71dc924cf2.txt,b048fe4cbad0f0791a964947d5c1498244672d9eab7a4f3c1d26d04afe265537,416,416,2,"B-eggs,B-eggs",heuristic-contour-generated; requires visual verification
train,images/train/IMG_20180410_172221_jpg.rf.630031fdd4ea1d482b9f164f4e632880.jpg,labels/train/IMG_20180410_172221_jpg.rf.630031fdd4ea1d482b9f164f4e632880.txt,117afe2f4f401a7747f0cf76a5191da4179c36aa6bd1c1e2a5ae28220a98898f,416,416,2,"B-eggs,B-eggs",heuristic-contour-generated; requires visual verification
train,images/train/IMG_20180410_172221_jpg.rf.6e70991be7fcec6b0e0c9f0c24ecff97.jpg,labels/train/IMG_20180410_172221_jpg.rf.6e70991be7fcec6b0e0c9f0c24ecff97.txt,4891105105101437931b176ef0918d19e4edb5f8dd6763bc1db9b224affac108,416,416,2,"B-eggs,B-eggs",heuristic-contour-generated; requires visual verification
train,images/train/IMG_20180410_172224_jpg.rf.10404c8c15af4ab049a52505ff1af4d1.jpg,labels/train/IMG_20180410_172224_jpg.rf.10404c8c15af4ab049a52505ff1af4d1.txt,831f51863d83d5a13b55116ca605d3416cb362bac08eb558b04dc307c5e4496f,416,416,2,"B-eggs,B-eggs",heuristic-contour-generated; requires visual verification
train,images/train/IMG_20180410_172224_jpg.rf.a034bbc100904a3224fefd11623bb6c7.jpg,labels/train/IMG_20180410_172224_jpg.rf.a034bbc100904a3224fefd11623bb6c7.txt,cf07d4d9882c8545d30d74bca65f8517b90601d1a281a92a3667d7f4ed4f7302,416,416,2,"B-eggs,B-eggs",heuristic-contour-generated; requires visual verification
train,images/train/IMG_20180410_172228_jpg.rf.5f2958957e41d2935a5e1a9e97370153.jpg,labels/train/IMG_20180410_172228_jpg.rf.5f2958957e41d2935a5e1a9e97370153.txt,4f2f98d066bdec61e754202619420688c4762f712a4e9b904b95af9a9634a921,416,416,1,B-eggs,heuristic-contour-generated; requires visual verification
train,images/train/IMG_20180410_172228_jpg.rf.c4d1a593d227d7842b5a916b664142ca.jpg,labels/train/IMG_20180410_172228_jpg.rf.c4d1a593d227d7842b5a916b664142ca.txt,cef0b8bdf326b18980c3ad342f6acc5d88b2f8b45bf6836f8cdd2c1ac5abd98e,416,416,1,B-eggs,heuristic-contour-generated; requires visual verification
train,images/train/IMG_20180410_172228_jpg.rf.ec31d19ab137e5885e2c7d8d260143ba.jpg,labels/train/IMG_20180410_172228_jpg.rf.ec31d19ab137e5885e2c7d8d260143ba.txt,1ce329a7da54674d58421f5af493d0af56a6393ecb68a97ef90c9eba910347c8,416,416,1,B-eggs,heuristic-contour-generated; requires visual verification
train,images/train/IMG_20180410_172400_jpg.rf.7ea49b931dda141f0ba5b2df163a63bb.jpg,labels/train/IMG_20180410_172400_jpg.rf.7ea49b931dda141f0ba5b2df163a63bb.txt,8ac898e55e4a8a7cc1bc9fd2811f464fe1d03fa00d81f6c74b1b6e2a477d3b45,416,416,2,"B-eggs,B-eggs",heuristic-contour-generated; requires visual verification
train,images/train/IMG_20180410_172400_jpg.rf.ad638042bb097843bd8944c63a4981af.jpg,labels/train/IMG_20180410_172400_jpg.rf.ad638042bb097843bd8944c63a4981af.txt,c735dc9208f20aac47b05238f6c885ef32d2e2c222bb81d7df7b83158ce58c87,416,416,2,"B-eggs,B-eggs",heuristic-contour-generated; requires visual verification
train,images/train/IMG_20180410_172400_jpg.rf.ba83be3c2161008905442f8d712d6f73.jpg,labels/train/IMG_20180410_172400_jpg.rf.ba83be3c2161008905442f8d712d6f73.txt,49d7b0c547f12dd93a6f288e5407532539712b1efb1e48f0cb4d2308bd85ad8b,416,416,2,"B-eggs,B-eggs",heuristic-contour-generated; requires visual verification
train,images/train/IMG_20180410_172413_jpg.rf.8f1abc40dc8e1e543fad7db345bb0f88.jpg,labels/train/IMG_20180410_172413_jpg.rf.8f1abc40dc8e1e543fad7db345bb0f88.txt,0863c20cfb049ce72ac2118e61c924e18efb17fdb6d02fdfc4c704d8dd3d04b5,416,416,2,"B-eggs,B-eggs",heuristic-contour-generated; requires visual verification
train,images/train/IMG_20180410_172413_jpg.rf.dd3289a05fd6f89d75b7c7058dc1b85a.jpg,labels/train/IMG_20180410_172413_jpg.rf.dd3289a05fd6f89d75b7c7058dc1b85a.txt,0df1eed3ee68ae587df69d6ab941998a00813811921fe5704ecfaefd66a5dda9,416,416,2,"B-eggs,B-eggs",heuristic-contour-generated; requires visual verification
train,images/train/IMG_20180410_172439_jpg.rf.50abbae79f9f99cf9031ef1c367af26b.jpg,labels/train/IMG_20180410_172439_jpg.rf.50abbae79f9f99cf9031ef1c367af26b.txt,024ecca0c5b3a417d59a366846ad66a3c00f70d3d76d91f911ccbf7927332909,416,416,2,"B-eggs,B-eggs",heuristic-contour-generated; requires visual verification
train,images/train/IMG_20180410_172439_jpg.rf.73a07dc85731bac3a3d4efe0406c8b93.jpg,labels/train/IMG_20180410_172439_jpg.rf.73a07dc85731bac3a3d4efe0406c8b93.txt,7e6a81ab3a96cc9ff65ae930e4dfc7b81ec207793476c7eea2b08523df2d7faa,416,416,2,"B-eggs,B-eggs",heuristic-contour-generated; requires visual verification
train,images/train/IMG_20180410_172453_jpg.rf.3b2d204917195f8d91537dc364835e3a.jpg,labels/train/IMG_20180410_172453_jpg.rf.3b2d204917195f8d91537dc364835e3a.txt,3c17dc7eb2f213b2600590b737a605a5cc6b5675f3fa33f11498957f9a83579a,416,416,2,"B-eggs,B-eggs",heuristic-contour-generated; requires visual verification
train,images/train/IMG_20180410_172453_jpg.rf.835f11b1e16a7efd90fb0713ad93a0a2.jpg,labels/train/IMG_20180410_172453_jpg.rf.835f11b1e16a7efd90fb0713ad93a0a2.txt,70511d318a51065138e427185c15fefe9d403dc0691b275d6daa107aa670381c,416,416,2,"B-eggs,B-eggs",heuristic-contour-generated; requires visual verification
train,images/train/IMG_20180410_172506_jpg.rf.64befb51e920434472c9f57bd6adc615.jpg,labels/train/IMG_20180410_172506_jpg.rf.64befb51e920434472c9f57bd6adc615.txt,97535c4f00170e940f139e2a02c08f807cbfa07124692c8de88704f4b41bddca,416,416,1,B-eggs,heuristic-contour-generated; requires visual verification
train,images/train/IMG_20180410_172506_jpg.rf.94b9ba6d4760f841dd4a35bc4a687e2f.jpg,labels/train/IMG_20180410_172506_jpg.rf.94b9ba6d4760f841dd4a35bc4a687e2f.txt,3ab76bbb96d2ee707bb7f1d4f3825faa1ff368efe582f298df70ebf7af5d15c0,416,416,1,B-eggs,heuristic-contour-generated; requires visual verification
train,images/train/IMG_20180410_172506_jpg.rf.fcdebb67b4ed0aa7851d56a73898efa7.jpg,labels/train/IMG_20180410_172506_jpg.rf.fcdebb67b4ed0aa7851d56a73898efa7.txt,c5112dacd5697048804a3eaeb4189bc8de5de93d1e356199b58e683e13bc8c35,416,416,1,B-eggs,heuristic-contour-generated; requires visual verification
train,images/train/IMG_20180410_172509_jpg.rf.27afbf84a13874e92454f0cdc847b12f.jpg,labels/train/IMG_20180410_172509_jpg.rf.27afbf84a13874e92454f0cdc847b12f.txt,5d4cace87dbfd711187c61b6f053382e168e23045e8cb8aac114f543d0feb4b2,416,416,2,"B-eggs,B-eggs",heuristic-contour-generated; requires visual verification
train,images/train/IMG_20180410_172509_jpg.rf.be38f3f0369a4a7ba9292fac409ece11.jpg,labels/train/IMG_20180410_172509_jpg.rf.be38f3f0369a4a7ba9292fac409ece11.txt,550fc9ab0445f780fadaa4673cd75b3e4791734d8f75e6f9d6cbcfb7a561ae3b,416,416,2,"B-eggs,B-eggs",heuristic-contour-generated; requires visual verification
train,images/train/IMG_20180410_172509_jpg.rf.fcf8cb07c02ec7ead75d51238dd21639.jpg,labels/train/IMG_20180410_172509_jpg.rf.fcf8cb07c02ec7ead75d51238dd21639.txt,d2a1ddb27fee5f8cc47c3b9287d9c68b1718d47b4d8d945332999b178b3389c5,416,416,2,"B-eggs,B-eggs",heuristic-contour-generated; requires visual verification
train,images/train/IMG_20180410_172511_jpg.rf.309e524b66eb6fdd8108207be4f86ab2.jpg,labels/train/IMG_20180410_172511_jpg.rf.309e524b66eb6fdd8108207be4f86ab2.txt,ac8aec292999960e24f7da67991870cd330bdee01ff7ae562d4a55ee9042fc35,416,416,1,B-eggs,heuristic-contour-generated; requires visual verification
train,images/train/IMG_20180410_172511_jpg.rf.84270076e6d8e126b8221da197daa935.jpg,labels/train/IMG_20180410_172511_jpg.rf.84270076e6d8e126b8221da197daa935.txt,4bf3f8bf469b3309461d3e79ad01c6944ff989a9736a0e4f53325acb2b5199a4,416,416,1,B-eggs,heuristic-contour-generated; requires visual verification
train,images/train/IMG_20180410_172511_jpg.rf.f3755ed1324387c84f19de75b59e22c9.jpg,labels/train/IMG_20180410_172511_jpg.rf.f3755ed1324387c84f19de75b59e22c9.txt,810d47d3f0678db7bd5fe74827fd1508e0af527306898c9e8eb610b47a6c41c1,416,416,1,B-eggs,heuristic-contour-generated; requires visual verification
train,images/train/IMG_20180410_172517_jpg.rf.310f5c0c2c7533bf1de75d15903594f7.jpg,labels/train/IMG_20180410_172517_jpg.rf.310f5c0c2c7533bf1de75d15903594f7.txt,c8b88221c34a7a25461831fe3c2ef8f42dfcd23ee052bd270dbe8c128e2bc03a,416,416,2,"B-eggs,B-eggs",heuristic-contour-generated; requires visual verification
train,images/train/IMG_20180410_172517_jpg.rf.59ab4099fdd124c0e0c90f9e1b2dd353.jpg,labels/train/IMG_20180410_172517_jpg.rf.59ab4099fdd124c0e0c90f9e1b2dd353.txt,660321c1618f08129df8ee5ad1ed4d0519f3cf730ff5d6d79ee66a0dd7413653,416,416,2,"B-eggs,B-eggs",heuristic-contour-generated; requires visual verification
train,images/train/IMG_20180410_172517_jpg.rf.645f88ebb3b8770f0b200a64b8d35e3e.jpg,labels/train/IMG_20180410_172517_jpg.rf.645f88ebb3b8770f0b200a64b8d35e3e.txt,6f6200d95ff845e9e868837aaabb3d853b225953e3623a80542760dd86d3bcaa,416,416,2,"B-eggs,B-eggs",heuristic-contour-generated; requires visual verification
train,images/train/IMG_20180410_172518_jpg.rf.377f65dde5e7f4e3d2ced1f6c5076257.jpg,labels/train/IMG_20180410_172518_jpg.rf.377f65dde5e7f4e3d2ced1f6c5076257.txt,2a4573b5c70646f40f0e3c96ba9f398bac44643c5759dd53323e5e6a741a8de6,416,416,2,"B-eggs,B-eggs",heuristic-contour-generated; requires visual verification
train,images/train/IMG_20180410_172518_jpg.rf.5c7767238540a5050a5f6344d260bc61.jpg,labels/train/IMG_20180410_172518_jpg.rf.5c7767238540a5050a5f6344d260bc61.txt,dbf122ce6a7fd8fab57158204b98a4d1756686a1fdf1834a0565f42e17d20d90,416,416,2,"B-eggs,B-eggs",heuristic-contour-generated; requires visual verification
train,images/train/IMG_20180410_172518_jpg.rf.c03effff16e5b82a91ad48c364d92c58.jpg,labels/train/IMG_20180410_172518_jpg.rf.c03effff16e5b82a91ad48c364d92c58.txt,fb29f845ff266684a7ad04c431fb2e40f1a1ebf6aecfa0e9f7f472e53e130ff4,416,416,2,"B-eggs,B-eggs",heuristic-contour-generated; requires visual verification
train,images/train/IMG_20180410_172520_jpg.rf.65c128f94c0dde0c834e29b89bac16d4.jpg,labels/train/IMG_20180410_172520_jpg.rf.65c128f94c0dde0c834e29b89bac16d4.txt,592adf53105226626bcda95ea71a6e5ed9ce2fbe18ab6da472928219ffde5ddb,416,416,2,"B-eggs,B-eggs",heuristic-contour-generated; requires visual verification
train,images/train/IMG_20180410_172520_jpg.rf.a07eadf96f847cbae4946498a9687c50.jpg,labels/train/IMG_20180410_172520_jpg.rf.a07eadf96f847cbae4946498a9687c50.txt,ece427318af81d1d33b865c5627b3aa298031854e3832f0963973f768111e932,416,416,2,"B-eggs,B-eggs",heuristic-contour-generated; requires visual verification
train,images/train/IMG_20180410_172520_jpg.rf.f0b1dacfb1b8a12f7bb2a906aff3607e.jpg,labels/train/IMG_20180410_172520_jpg.rf.f0b1dacfb1b8a12f7bb2a906aff3607e.txt,3cb06f94373fd7f7c74e865ecf18a6eed1885d6ff73fbcda64686cf2d361b2aa,416,416,2,"B-eggs,B-eggs",heuristic-contour-generated; requires visual verification
train,images/train/IMG_20180410_172533_jpg.rf.9bb60bb782ab0d977dde114a2af8ad36.jpg,labels/train/IMG_20180410_172533_jpg.rf.9bb60bb782ab0d977dde114a2af8ad36.txt,b7bb64f74ed838c5426906070a22c5d7c30eafa9d102c90483c38d74e6331cc0,416,416,2,"B-eggs,B-eggs",heuristic-contour-generated; requires visual verification
train,images/train/IMG_20180410_172533_jpg.rf.9cc428d77c483bf963e03d7db2b306b2.jpg,labels/train/IMG_20180410_172533_jpg.rf.9cc428d77c483bf963e03d7db2b306b2.txt,cbd71b221060cadde7e5a88872fe9a4e9b807955ce047d562b54cd99a2c9f801,416,416,2,"B-eggs,B-eggs",heuristic-contour-generated; requires visual verification
train,images/train/IMG_20180410_172533_jpg.rf.a5d8696d051cd47e6bd05b031dde7044.jpg,labels/train/IMG_20180410_172533_jpg.rf.a5d8696d051cd47e6bd05b031dde7044.txt,aea4e88cd31742a7b0481450d02b1283977fefe63415829ead1b566c5cb57c27,416,416,2,"B-eggs,B-eggs",heuristic-contour-generated; requires visual verification
train,images/train/IMG_20180410_172543_jpg.rf.4c44df7f46a56277fafd6c8f2d82efdd.jpg,labels/train/IMG_20180410_172543_jpg.rf.4c44df7f46a56277fafd6c8f2d82efdd.txt,8f63d2fe44bd6c3feaff1ffadc3b724ed9269fb6a9e825587a54f04319b51148,416,416,2,"B-eggs,B-eggs",heuristic-contour-generated; requires visual verification
train,images/train/IMG_20180410_172543_jpg.rf.51f2a62c9ed8d7b00bc4b1b07b91c648.jpg,labels/train/IMG_20180410_172543_jpg.rf.51f2a62c9ed8d7b00bc4b1b07b91c648.txt,a7e461afb31fdbf86eb7d47076f8c6b9cc6f9b139e26d233eac05bc253bc628e,416,416,2,"B-eggs,B-eggs",heuristic-contour-generated; requires visual verification
train,images/train/IMG_20180410_172543_jpg.rf.94599a20487c4db4b7cec49bb275531b.jpg,labels/train/IMG_20180410_172543_jpg.rf.94599a20487c4db4b7cec49bb275531b.txt,761b922348e92e3bceaec457a5fba1c753ef7b053883b7beedc575c411b9e8f4,416,416,2,"B-eggs,B-eggs",heuristic-contour-generated; requires visual verification
train,images/train/IMG_20180410_172549_jpg.rf.a5ec672dedc199cb3e5f37dea2ddb473.jpg,labels/train/IMG_20180410_172549_jpg.rf.a5ec672dedc199cb3e5f37dea2ddb473.txt,a7555932b34bd73da0af6c27aec26c223266706fd4bf433ced2ca53eeb21efda,416,416,2,"B-eggs,B-eggs",heuristic-contour-generated; requires visual verification
train,images/train/IMG_20180410_172549_jpg.rf.e862788abd2e5d98d95421ac559ecbd8.jpg,labels/train/IMG_20180410_172549_jpg.rf.e862788abd2e5d98d95421ac559ecbd8.txt,695785ffad4132e6998c5c1cc0598a90522118ccaf1ae706bb60dc0c9c5e7ba9,416,416,2,"B-eggs,B-eggs",heuristic-contour-generated; requires visual verification
train,images/train/IMG_20180410_172549_jpg.rf.f0c858d203e5af48674d7c6f6f7cc851.jpg,labels/train/IMG_20180410_172549_jpg.rf.f0c858d203e5af48674d7c6f6f7cc851.txt,fd912178c6537348a445577d52e34b6ef4de30f9ad98ce96c1989018341631fe,416,416,2,"B-eggs,B-eggs",heuristic-contour-generated; requires visual verification
train,images/train/IMG_20180410_172552_jpg.rf.52f1f1f1c5eb4ab01699b6c47d5e4188.jpg,labels/train/IMG_20180410_172552_jpg.rf.52f1f1f1c5eb4ab01699b6c47d5e4188.txt,1e7ab0da510fa65eab3dbe01be367893e709bdf6aa094dbf5998bcd8f49a4fa2,416,416,2,"B-eggs,B-eggs",heuristic-contour-generated; requires visual verification
train,images/train/IMG_20180410_172552_jpg.rf.72746febc7f130bdd5ded3b877a47c43.jpg,labels/train/IMG_20180410_172552_jpg.rf.72746febc7f130bdd5ded3b877a47c43.txt,05bfe50eb33ae22ecec03443b8c4099ed3a0ea7a2fcfe31c17ebca582cc46f1f,416,416,2,"B-eggs,B-eggs",heuristic-contour-generated; requires visual verification
train,images/train/IMG_20180410_172552_jpg.rf.77d08600a12431f71b337eef5dbc85d1.jpg,labels/train/IMG_20180410_172552_jpg.rf.77d08600a12431f71b337eef5dbc85d1.txt,4cc66e13cdfdb46fa76f20e8130c8c6658a6b4488e6cdeec47bf3c9c74225f8c,416,416,2,"B-eggs,B-eggs",heuristic-contour-generated; requires visual verification
train,images/train/IMG_20180410_172557_jpg.rf.984f4874d369dc17cdd142b610a43025.jpg,labels/train/IMG_20180410_172557_jpg.rf.984f4874d369dc17cdd142b610a43025.txt,eceacaa0b5f1a3fc2344701d2bd41fd9a9d2093f47bdd5936a1fc37bcc745cff,416,416,2,"B-eggs,B-eggs",heuristic-contour-generated; requires visual verification
train,images/train/IMG_20180410_172557_jpg.rf.e6c0aa6a4b03d9f7dd7bc74eae3cb0e6.jpg,labels/train/IMG_20180410_172557_jpg.rf.e6c0aa6a4b03d9f7dd7bc74eae3cb0e6.txt,bbbc17db2901e97360f6c4a7599e9e6fa89449b5ed5370507f661cfd9a6e96aa,416,416,2,"B-eggs,B-eggs",heuristic-contour-generated; requires visual verification
train,images/train/IMG_20180410_172557_jpg.rf.f7712ee283b81e1dd09c4c95e7f8c298.jpg,labels/train/IMG_20180410_172557_jpg.rf.f7712ee283b81e1dd09c4c95e7f8c298.txt,8ede8f47d39e00719fee7a54114f1bf725a89931a1e6f0333ea022775ad1da70,416,416,2,"B-eggs,B-eggs",heuristic-contour-generated; requires visual verification
train,images/train/IMG_20180410_172617_jpg.rf.507912f4669f634d8fa6c8e41b091f2a.jpg,labels/train/IMG_20180410_172617_jpg.rf.507912f4669f634d8fa6c8e41b091f2a.txt,fd4978a0f3ce92624c8401220ae71e20cb1b06386b6b2fc53a135ae997594eae,416,416,1,B-eggs,heuristic-contour-generated; requires visual verification
train,images/train/IMG_20180410_172617_jpg.rf.c81778519aae5585912f8d4dba553984.jpg,labels/train/IMG_20180410_172617_jpg.rf.c81778519aae5585912f8d4dba553984.txt,ffb5991f39742a42eaaa2c94dc15f8021dcfa850b9a565e9b53aa6928bbe9d65,416,416,1,B-eggs,heuristic-contour-generated; requires visual verification
train,images/train/IMG_20180410_172617_jpg.rf.df674131049af1656dd26b633bc71273.jpg,labels/train/IMG_20180410_172617_jpg.rf.df674131049af1656dd26b633bc71273.txt,086861269f807ba50cb075eba5039b776d7edb670ae44723cfe727b1a00d2885,416,416,1,B-eggs,heuristic-contour-generated; requires visual verification
train,images/train/IMG_20180410_172621_jpg.rf.7e528fd81a8d2e3b7edafcba3ac5021b.jpg,labels/train/IMG_20180410_172621_jpg.rf.7e528fd81a8d2e3b7edafcba3ac5021b.txt,8b737491b59f9a392e92027ffbca2909725e3f8b8a26cc9629d0396c1db79c64,416,416,2,"B-eggs,B-eggs",heuristic-contour-generated; requires visual verification
train,images/train/IMG_20180410_172621_jpg.rf.9efe91658eb46750909aad68f57efd7a.jpg,labels/train/IMG_20180410_172621_jpg.rf.9efe91658eb46750909aad68f57efd7a.txt,d35b1544da5b4f9540c2042968f388d5b8767aae0b892e063cd87fd3337bfcf6,416,416,2,"B-eggs,B-eggs",heuristic-contour-generated; requires visual verification
train,images/train/IMG_20180410_172626_jpg.rf.2cceca2178654a0f4d67b780f9b8c17e.jpg,labels/train/IMG_20180410_172626_jpg.rf.2cceca2178654a0f4d67b780f9b8c17e.txt,9328930b77d2ee6bbedd13a4dfe5f2e71d0730497dfdc2252b3cfc29fcd7aa5d,416,416,1,B-eggs,heuristic-contour-generated; requires visual verification
train,images/train/IMG_20180410_172626_jpg.rf.a138c7ac7dacfa8b3b52c0f65efbed98.jpg,labels/train/IMG_20180410_172626_jpg.rf.a138c7ac7dacfa8b3b52c0f65efbed98.txt,9c2ddc2f03f25f1576bd5bc4e04bb6cc129515ceba549e7daa2b21492b0b969b,416,416,1,B-eggs,heuristic-contour-generated; requires visual verification
train,images/train/IMG_20180410_172626_jpg.rf.b0871f1390837a6b43b8b915ee088f6e.jpg,labels/train/IMG_20180410_172626_jpg.rf.b0871f1390837a6b43b8b915ee088f6e.txt,8fece3f30928c504df0e7ef6c6fe195e5d1abd0519395377deab235e8b6c6868,416,416,1,B-eggs,heuristic-contour-generated; requires visual verification
train,images/train/IMG_20180410_172634_jpg.rf.0be24fb1cc1f5b2b8c6193933833804e.jpg,labels/train/IMG_20180410_172634_jpg.rf.0be24fb1cc1f5b2b8c6193933833804e.txt,7d0e812be44756ad48dbefbc2096b3fe3c7907bb0933afc2da1240dacdd5086d,416,416,2,"B-eggs,B-eggs",heuristic-contour-generated; requires visual verification
train,images/train/IMG_20180410_172634_jpg.rf.c50fd59e76bbecba03c30b77e0844ad2.jpg,labels/train/IMG_20180410_172634_jpg.rf.c50fd59e76bbecba03c30b77e0844ad2.txt,2696f3f721ecf4acca9f1fb768650da72f064226f82430911c4909006611fdb5,416,416,2,"B-eggs,B-eggs",heuristic-contour-generated; requires visual verification
train,images/train/IMG_20180410_172634_jpg.rf.ec76241e8f5db1059ec320675049f224.jpg,labels/train/IMG_20180410_172634_jpg.rf.ec76241e8f5db1059ec320675049f224.txt,f0c5684e3c12968dbe83b54d64bf45cbbd05590781284da8be9d6cd44126e353,416,416,2,"B-eggs,B-eggs",heuristic-contour-generated; requires visual verification
train,images/train/IMG_20180410_172637_jpg.rf.0c33419f885375e9331cdfe4225a8bf4.jpg,labels/train/IMG_20180410_172637_jpg.rf.0c33419f885375e9331cdfe4225a8bf4.txt,a930d8aae1df34dff2f5bb5bf8e2b09715ac9d176a24e461c9c37b9567196b19,416,416,2,"B-eggs,B-eggs",heuristic-contour-generated; requires visual verification
train,images/train/IMG_20180410_172637_jpg.rf.7299eca8016721c40a268786babb9442.jpg,labels/train/IMG_20180410_172637_jpg.rf.7299eca8016721c40a268786babb9442.txt,10f03822534b54f6ec3638e3523a9a1c5eb13124adf0f32c1ba13987c6928beb,416,416,2,"B-eggs,B-eggs",heuristic-contour-generated; requires visual verification
train,images/train/IMG_20180410_172637_jpg.rf.797e995bbdfc13c3fca00f0276928859.jpg,labels/train/IMG_20180410_172637_jpg.rf.797e995bbdfc13c3fca00f0276928859.txt,6a4eddbadb18e5b871b58daf7b35678b8627a9c693c32af9e0a969885eb789da,416,416,2,"B-eggs,B-eggs",heuristic-contour-generated; requires visual verification
train,images/train/IMG_20180410_172641_jpg.rf.5e97fb21590c8bcb8c6c3033d49df491.jpg,labels/train/IMG_20180410_172641_jpg.rf.5e97fb21590c8bcb8c6c3033d49df491.txt,7018891241ddae36113c0c0e012db26831b0e53b3caaf355f45907600174a7b2,416,416,1,B-eggs,heuristic-contour-generated; requires visual verification
train,images/train/IMG_20180410_172641_jpg.rf.7745e47978be83106ebe6f9af6ce863b.jpg,labels/train/IMG_20180410_172641_jpg.rf.7745e47978be83106ebe6f9af6ce863b.txt,b8979f31b9e3042d6ca630628b2142e74e915295968438ec52d286f43f19de06,416,416,1,B-eggs,heuristic-contour-generated; requires visual verification
train,images/train/IMG_20180410_172641_jpg.rf.a65ab30de9a2120d2ed94ca7a9eb659e.jpg,labels/train/IMG_20180410_172641_jpg.rf.a65ab30de9a2120d2ed94ca7a9eb659e.txt,648d580fdf4e17e0e2be9cbfc8704e41f41171c386a804ecf4106728b776617f,416,416,1,B-eggs,heuristic-contour-generated; requires visual verification
train,images/train/IMG_20180410_172647_jpg.rf.c351113d13e4434d6dea4df6ddb6d442.jpg,labels/train/IMG_20180410_172647_jpg.rf.c351113d13e4434d6dea4df6ddb6d442.txt,e44fd586ef043712b2a467a73c3b878ec23bc720781c6fb1746aa5b883fa9b15,416,416,2,"B-eggs,B-eggs",heuristic-contour-generated; requires visual verification
train,images/train/IMG_20180410_172647_jpg.rf.c5639fb0724c0329f7e3903349b38837.jpg,labels/train/IMG_20180410_172647_jpg.rf.c5639fb0724c0329f7e3903349b38837.txt,f875c710c0a66237aef68bd5cdfbd94f86cc1143f145514722ea80ab84a41d86,416,416,2,"B-eggs,B-eggs",heuristic-contour-generated; requires visual verification
train,images/train/IMG_20180410_172647_jpg.rf.dd3d23d662a66d195d694b370408f38f.jpg,labels/train/IMG_20180410_172647_jpg.rf.dd3d23d662a66d195d694b370408f38f.txt,5cc992a5d4633aef041567adf5cdfaf8b5dd13eb3b6f19538c7ff62ae1a5ad21,416,416,2,"B-eggs,B-eggs",heuristic-contour-generated; requires visual verification
train,images/train/IMG_20180410_172652_jpg.rf.12bd7efab02424fa1e06b100dd43da71.jpg,labels/train/IMG_20180410_172652_jpg.rf.12bd7efab02424fa1e06b100dd43da71.txt,6ac3120cc30c817f9ef5caef5fbba22392edb2a006374643455d02ea5b1deb4e,416,416,3,"B-eggs,B-eggs,B-eggs",heuristic-contour-generated; requires visual verification
train,images/train/IMG_20180410_172652_jpg.rf.8249362d0b5e677e4ea9269290b9d4d7.jpg,labels/train/IMG_20180410_172652_jpg.rf.8249362d0b5e677e4ea9269290b9d4d7.txt,9fafecef81b4b54d84ee66b506b1e787b3775712c5314c6a3a5b0e20fd485099,416,416,3,"B-eggs,B-eggs,B-eggs",heuristic-contour-generated; requires visual verification
train,images/train/IMG_20180410_172652_jpg.rf.e0e534ef8a0afb73b850b506a7a4eb63.jpg,labels/train/IMG_20180410_172652_jpg.rf.e0e534ef8a0afb73b850b506a7a4eb63.txt,864d69a7651fee22df824043a85616c643739b156af762c035a03d69dd69d9fb,416,416,3,"B-eggs,B-eggs,B-eggs",heuristic-contour-generated; requires visual verification
train,images/train/IMG_20180410_172711_jpg.rf.4b0defaaec06c76d08cd4ac2b03020dd.jpg,labels/train/IMG_20180410_172711_jpg.rf.4b0defaaec06c76d08cd4ac2b03020dd.txt,ee5762f329d3ed186b39fac8295840b5b74a59b65a700c80a4cc5f0936f4027a,416,416,1,B-eggs,heuristic-contour-generated; requires visual verification
train,images/train/IMG_20180410_172711_jpg.rf.71634dbda169498cc1f0284c8512ca40.jpg,labels/train/IMG_20180410_172711_jpg.rf.71634dbda169498cc1f0284c8512ca40.txt,02ed95622c0ac46a0efaca9a0bc2c9180afdcf4671585e17b59ae5a1e96125ea,416,416,1,B-eggs,heuristic-contour-generated; requires visual verification
train,images/train/IMG_20180410_172711_jpg.rf.98e0f2bffd88921481532ba4790abfa3.jpg,labels/train/IMG_20180410_172711_jpg.rf.98e0f2bffd88921481532ba4790abfa3.txt,ae4d039397e59d06904edf70aa8d6b0ed035adda5fdce4c7da86d0d25771395d,416,416,1,B-eggs,heuristic-contour-generated; requires visual verification
train,images/train/IMG_20180410_172714_jpg.rf.07d532ea8229f09138870a426ff8fae9.jpg,labels/train/IMG_20180410_172714_jpg.rf.07d532ea8229f09138870a426ff8fae9.txt,d89ddad604aa14ba0b96663d12cb3565f2769716be5d14810dbccc59794c3308,416,416,2,"B-eggs,B-eggs",heuristic-contour-generated; requires visual verification
train,images/train/IMG_20180410_172714_jpg.rf.81e8ffee2bd3c755f73b3d9d4bec705b.jpg,labels/train/IMG_20180410_172714_jpg.rf.81e8ffee2bd3c755f73b3d9d4bec705b.txt,efcc236425df0bcacbf68d75c0984a02a5d23e2968f121ad64409b9098007459,416,416,2,"B-eggs,B-eggs",heuristic-contour-generated; requires visual verification
train,images/train/IMG_20180410_172714_jpg.rf.a59d8e392437f6823e6d6e04e203ac01.jpg,labels/train/IMG_20180410_172714_jpg.rf.a59d8e392437f6823e6d6e04e203ac01.txt,2563ba855658a7ef4ab567b6d58114bc1ba626bf3b2390fb668fb57a0285fded,416,416,2,"B-eggs,B-eggs",heuristic-contour-generated; requires visual verification
train,images/train/IMG_20180410_172716_jpg.rf.0b77b31f45be8e4b35c639231e9213df.jpg,labels/train/IMG_20180410_172716_jpg.rf.0b77b31f45be8e4b35c639231e9213df.txt,df34ae5e237fe4c6b8f603a24c5aed7dbb41563daabeb107c939ac7699846199,416,416,1,B-eggs,heuristic-contour-generated; requires visual verification
train,images/train/IMG_20180410_172716_jpg.rf.3c1e09d8b1b384d30711bd0aaefb8e25.jpg,labels/train/IMG_20180410_172716_jpg.rf.3c1e09d8b1b384d30711bd0aaefb8e25.txt,c5d795d7927597585515f3c7ba4f8a618c8fb316cfbe22cfbabf4128f919e003,416,416,1,B-eggs,heuristic-contour-generated; requires visual verification
train,images/train/IMG_20180410_172716_jpg.rf.554bf4742e1fedbd2e49864d88d6ea0c.jpg,labels/train/IMG_20180410_172716_jpg.rf.554bf4742e1fedbd2e49864d88d6ea0c.txt,01d0dd25c6da310784078588f30e664b9c2cbb7b9c399c8d9fe4c5cfd337c51f,416,416,1,B-eggs,heuristic-contour-generated; requires visual verification
train,images/train/mix10_jpeg.rf.6e3383540d49d09bcc0c07696a846f6d.jpg,labels/train/mix10_jpeg.rf.6e3383540d49d09bcc0c07696a846f6d.txt,3abe718ee06f53f479bc7607b7c5a3dc31c050170bc04678d3662ec2425b1050,416,416,4,"W-eggs,W-eggs,W-eggs,B-eggs",heuristic-contour-generated; requires visual verification
train,images/train/mix10_jpeg.rf.804a9d08c610af13a64bbf2d21dfda9d.jpg,labels/train/mix10_jpeg.rf.804a9d08c610af13a64bbf2d21dfda9d.txt,8a73d19010433ad1c0ba965b1891bf34e64d7da092a3ac28499a74e7bddb8683,416,416,4,"W-eggs,W-eggs,W-eggs,B-eggs",heuristic-contour-generated; requires visual verification
train,images/train/mix10_jpeg.rf.a7355b164dbfdbb15e72888656c5daf2.jpg,labels/train/mix10_jpeg.rf.a7355b164dbfdbb15e72888656c5daf2.txt,04ca93a37ba9200382a2b9444f46345b0ef2f629ee5f912d03269c0b6e35c441,416,416,4,"W-eggs,W-eggs,W-eggs,B-eggs",heuristic-contour-generated; requires visual verification
train,images/train/mix2_png.rf.3dece77c1a62147592ae0538ea50b27f.jpg,labels/train/mix2_png.rf.3dece77c1a62147592ae0538ea50b27f.txt,1b143fbf2959209a197a2c03253a7cd109dc7c96425180f002a09f0233933384,416,416,6,"W-eggs,W-eggs,W-eggs,B-eggs,B-eggs,B-eggs",heuristic-contour-generated; requires visual verification
train,images/train/mix2_png.rf.47a1b5fd0498d772a4cb71aede758614.jpg,labels/train/mix2_png.rf.47a1b5fd0498d772a4cb71aede758614.txt,bbacf0bb3efac6bdeb55ea4663ff8196e14c0fd65fa53527503dae0a790c0b89,416,416,6,"W-eggs,W-eggs,W-eggs,B-eggs,B-eggs,B-eggs",heuristic-contour-generated; requires visual verification
train,images/train/mix2_png.rf.c869bf031b1102f0c282e3c9d0d1bc38.jpg,labels/train/mix2_png.rf.c869bf031b1102f0c282e3c9d0d1bc38.txt,f4be38dce9e5df6e320b9c5a4fed21247cb4ede1985d40fec0dd529bb7839136,416,416,6,"W-eggs,W-eggs,W-eggs,B-eggs,B-eggs,B-eggs",heuristic-contour-generated; requires visual verification
train,images/train/mix5_jpg.rf.6cba097d8111469d681c199bcaabbf34.jpg,labels/train/mix5_jpg.rf.6cba097d8111469d681c199bcaabbf34.txt,c2b10708e8140738615d7ee3a9a49d143f99904bde50e093635067224e1eb47d,416,416,4,"W-eggs,W-eggs,B-eggs,B-eggs",heuristic-contour-generated; requires visual verification
train,images/train/mix5_jpg.rf.aa3d982ea99f5d3b6d0893e1a0e4116e.jpg,labels/train/mix5_jpg.rf.aa3d982ea99f5d3b6d0893e1a0e4116e.txt,72a298313425de95696797f1ce531679ef5d8b97ca94c93a803ae0cf7c8fb209,416,416,4,"W-eggs,W-eggs,B-eggs,B-eggs",heuristic-contour-generated; requires visual verification
train,images/train/mix5_jpg.rf.e9c5f6fdf479f8c59ce0224bf7f9031c.jpg,labels/train/mix5_jpg.rf.e9c5f6fdf479f8c59ce0224bf7f9031c.txt,b01875aa59a6075819ad3a3d6f241227dad1558bdae142a78214c588a0f56cc0,416,416,4,"W-eggs,W-eggs,B-eggs,B-eggs",heuristic-contour-generated; requires visual verification
train,images/train/mix7_jpeg.rf.5c49d05a9b846980cc2579f97513fb15.jpg,labels/train/mix7_jpeg.rf.5c49d05a9b846980cc2579f97513fb15.txt,f91eadc635cbd17edd4d7f1d229c2a217250ab9e6c060871da3424c45c337965,416,416,7,"W-eggs,W-eggs,W-eggs,B-eggs,B-eggs,B-eggs,B-eggs",heuristic-contour-generated; requires visual verification
train,images/train/mix7_jpeg.rf.b74b520707a40b1a7ff96ee54a5928c1.jpg,labels/train/mix7_jpeg.rf.b74b520707a40b1a7ff96ee54a5928c1.txt,88bca732c6cc00b13a0c31ed0ca63776c0459597224cadcfa003fe25a0a362a0,416,416,7,"W-eggs,W-eggs,W-eggs,B-eggs,B-eggs,B-eggs,B-eggs",heuristic-contour-generated; requires visual verification
train,images/train/mix7_jpeg.rf.db9d377e83907c746fd7d44ace3e276c.jpg,labels/train/mix7_jpeg.rf.db9d377e83907c746fd7d44ace3e276c.txt,b0c8a47539bcd3229fa76231857728739e193862f0cda23850ca638e4246def2,416,416,7,"W-eggs,W-eggs,W-eggs,B-eggs,B-eggs,B-eggs,B-eggs",heuristic-contour-generated; requires visual verification
train,images/train/mix8_jpeg.rf.684348c58d41e9fbfa3591aa4afaedce.jpg,labels/train/mix8_jpeg.rf.684348c58d41e9fbfa3591aa4afaedce.txt,8200ea159af085937baf81838c12ae7187baa308edb3034afc2fbb96c1389db3,416,416,3,"W-eggs,B-eggs,B-eggs",heuristic-contour-generated; requires visual verification
train,images/train/mix8_jpeg.rf.93f7ac0478fefecf4960949617263e42.jpg,labels/train/mix8_jpeg.rf.93f7ac0478fefecf4960949617263e42.txt,2255a4b84c822e6d94fda1f666cfd9c09d29b00f11b768f80d341f739a48db3e,416,416,3,"W-eggs,B-eggs,B-eggs",heuristic-contour-generated; requires visual verification
train,images/train/mix8_jpeg.rf.ee1edf285ec229b60e3e6dc33b5edfd3.jpg,labels/train/mix8_jpeg.rf.ee1edf285ec229b60e3e6dc33b5edfd3.txt,64dcc83a30a7dfe6d5b859cbdbc9e09eda7dfb9030634d6ec1d69b03df180595,416,416,3,"W-eggs,B-eggs,B-eggs",heuristic-contour-generated; requires visual verification
train,images/train/white-19_jpeg.rf.0446bba325f04ce1158355449fd545c6.jpg,labels/train/white-19_jpeg.rf.0446bba325f04ce1158355449fd545c6.txt,f44c810249d42ebed6755fe97cfa9a6ae8b14d1e45e66d71aef0789d0280de0d,416,416,2,"W-eggs,W-eggs",heuristic-contour-generated; requires visual verification
train,images/train/white-19_jpeg.rf.3d331cfe60a6c0762acf7c72f3b05649.jpg,labels/train/white-19_jpeg.rf.3d331cfe60a6c0762acf7c72f3b05649.txt,fd60c54a9f3904a1afa7bda59155e19dda43f5d83eab468ef360569d0689297b,416,416,2,"W-eggs,W-eggs",heuristic-contour-generated; requires visual verification
train,images/train/white-19_jpeg.rf.7fd0f9b473ad04335f0cebf4127cd92d.jpg,labels/train/white-19_jpeg.rf.7fd0f9b473ad04335f0cebf4127cd92d.txt,e023cc5e4deb3a9af2b5928aac695f9ba5edfe7f81aae7046927b68a4e732c7d,416,416,2,"W-eggs,W-eggs",heuristic-contour-generated; requires visual verification
train,images/train/white10_jpeg.rf.2b03c1e661799ed797bef11c7be21f83.jpg,labels/train/white10_jpeg.rf.2b03c1e661799ed797bef11c7be21f83.txt,47f9da41bafcbfc2e2d4bfa9ceb6e24d7e9cd6216788d33e6aff615a6249fd49,416,416,2,"W-eggs,W-eggs",heuristic-contour-generated; requires visual verification
train,images/train/white10_jpeg.rf.89f9ea31ed1e00ca8fbbc69856ebc714.jpg,labels/train/white10_jpeg.rf.89f9ea31ed1e00ca8fbbc69856ebc714.txt,32dc279592f9941f70203ca95e0b8e7fd88f8bd238f4242bd06f5ce874592c34,416,416,2,"W-eggs,W-eggs",heuristic-contour-generated; requires visual verification
train,images/train/white10_jpeg.rf.ea7a70d0fde3edcb6b03c46901d4fe65.jpg,labels/train/white10_jpeg.rf.ea7a70d0fde3edcb6b03c46901d4fe65.txt,264d97fc8a48802b6aecd70faa5c0a57842218a3dbaf11bd3ea3a4daab6039f1,416,416,2,"W-eggs,W-eggs",heuristic-contour-generated; requires visual verification
train,images/train/white11_jpeg.rf.234d278ec2df02c5000a86f063e32582.jpg,labels/train/white11_jpeg.rf.234d278ec2df02c5000a86f063e32582.txt,f7ea0c358ee97c41e196f8842809a36b6b2a672596812dfb7208274fcc78ef59,416,416,1,W-eggs,heuristic-contour-generated; requires visual verification
train,images/train/white11_jpeg.rf.38bf67a89e27d78d33e88be0aa0a0649.jpg,labels/train/white11_jpeg.rf.38bf67a89e27d78d33e88be0aa0a0649.txt,501f9004000c81bded9e513e581f45f8798e457cba5f059e1e8254c326bf3cfd,416,416,1,W-eggs,heuristic-contour-generated; requires visual verification
train,images/train/white11_jpeg.rf.b2cbe1752230cfd20045125fae43bb18.jpg,labels/train/white11_jpeg.rf.b2cbe1752230cfd20045125fae43bb18.txt,f47896a89419e515008845c2308509813e3737966d7b0914167e506f02dc9fe5,416,416,1,W-eggs,heuristic-contour-generated; requires visual verification
train,images/train/white12_jpeg.rf.84b630ccd354d77f238c88f213cac94e.jpg,labels/train/white12_jpeg.rf.84b630ccd354d77f238c88f213cac94e.txt,c46d5010d8d80b74ddb6f5705c63317e3369c678d4b483c146198b7230a453d0,416,416,1,W-eggs,heuristic-contour-generated; requires visual verification
train,images/train/white12_jpeg.rf.fd5ac6f1b3622d842d912515f2df6b04.jpg,labels/train/white12_jpeg.rf.fd5ac6f1b3622d842d912515f2df6b04.txt,c37440676c9f737040044c00399a985118e75b7187f10cbcb647b7a9233e51a7,416,416,1,W-eggs,heuristic-contour-generated; requires visual verification
train,images/train/white15_jpeg.rf.85ed1547a0f89cdddedff66dab4391b1.jpg,labels/train/white15_jpeg.rf.85ed1547a0f89cdddedff66dab4391b1.txt,5a5660a9929f5fe9225bab86c6a3c06c2be473fe0032ea5ade50b733e987829d,416,416,2,"W-eggs,W-eggs",heuristic-contour-generated; requires visual verification
train,images/train/white15_jpeg.rf.8d9ed6a0c41c59a5be79d558fa916aef.jpg,labels/train/white15_jpeg.rf.8d9ed6a0c41c59a5be79d558fa916aef.txt,76b8cbbda11e8c35a6118a238dc3a3c6f512ab604bcc96abc160f009bb88f0f0,416,416,2,"W-eggs,W-eggs",heuristic-contour-generated; requires visual verification
train,images/train/white15_jpeg.rf.ba03442fc27f1515bf1a0765cee72caa.jpg,labels/train/white15_jpeg.rf.ba03442fc27f1515bf1a0765cee72caa.txt,fdce6f44e17431b6e2f955f1f95468e868a9f62dde6b62b73fd73592ec6a133f,416,416,2,"W-eggs,W-eggs",heuristic-contour-generated; requires visual verification
train,images/train/white16_jpeg.rf.4b1f25d7d6d4d3db8bc62e2c8844701d.jpg,labels/train/white16_jpeg.rf.4b1f25d7d6d4d3db8bc62e2c8844701d.txt,f2aa0de33fd5b5e39255ba3c642d999c2b1991a2ac8ac9510d83980b51592a4b,416,416,2,"W-eggs,W-eggs",heuristic-contour-generated; requires visual verification
train,images/train/white16_jpeg.rf.e48819fb1d8e8068ecd4373416c3c0c5.jpg,labels/train/white16_jpeg.rf.e48819fb1d8e8068ecd4373416c3c0c5.txt,ba95cc1fd853ec35e04bf08c8f609a2d58ed63e717905b686dd964fc90612f5b,416,416,2,"W-eggs,W-eggs",heuristic-contour-generated; requires visual verification
train,images/train/white16_jpeg.rf.e9249bc29bf346632fc7858cfa4528a8.jpg,labels/train/white16_jpeg.rf.e9249bc29bf346632fc7858cfa4528a8.txt,8c21746b22f02da84e3ad1633dccb0e235d057ea1000f4e6f69b8babe49f3350,416,416,2,"W-eggs,W-eggs",heuristic-contour-generated; requires visual verification
train,images/train/white17_jpeg.rf.006bccf9f214c8b94db8d411f8fb2030.jpg,labels/train/white17_jpeg.rf.006bccf9f214c8b94db8d411f8fb2030.txt,34c10f0940e738255bb0615987964cb1da991050aec658af554a00df96eeb34d,416,416,2,"W-eggs,W-eggs",heuristic-contour-generated; requires visual verification
train,images/train/white17_jpeg.rf.79804d501c2772e289bb02cd019b3e39.jpg,labels/train/white17_jpeg.rf.79804d501c2772e289bb02cd019b3e39.txt,4ff58718ab43c8eb6bee6c42ffd5cd5caab10463e5267b1c9020ff2e9a805ea6,416,416,2,"W-eggs,W-eggs",heuristic-contour-generated; requires visual verification
train,images/train/white17_jpeg.rf.e6cf07101bdc0cc03ddc3a0276be25ba.jpg,labels/train/white17_jpeg.rf.e6cf07101bdc0cc03ddc3a0276be25ba.txt,0f299b83a2a5869aa25e1c963e2d649575ef0d990e315c7c058654f05fd2faeb,416,416,2,"W-eggs,W-eggs",heuristic-contour-generated; requires visual verification
val,images/val/brown-white-egg2_jpeg.rf.6f108229ef20ea8d879f9c76f724c8e0.jpg,labels/val/brown-white-egg2_jpeg.rf.6f108229ef20ea8d879f9c76f724c8e0.txt,fb256e0df22f984b14bf9f890e7dec4171d59238f8bcd96b31837ddced43a0c3,416,416,7,"B-eggs,B-eggs,B-eggs,B-eggs,B-eggs,B-eggs,B-eggs",heuristic-contour-generated; requires visual verification
val,images/val/brown1_jpeg.rf.09a966be6e150962589ba87aa7aac989.jpg,labels/val/brown1_jpeg.rf.09a966be6e150962589ba87aa7aac989.txt,ff8c2bf7ef9b772700554209358b657e44420659a399a315d2d3f2369ed9cdbc,416,416,1,B-eggs,heuristic-contour-generated; requires visual verification
val,images/val/brown3_jpeg.rf.d65e3dc95524f3069c4cfc469a81250a.jpg,labels/val/brown3_jpeg.rf.d65e3dc95524f3069c4cfc469a81250a.txt,22c052d1b4da10d460cd9581834e8f1dafcc4a4d247eb4263a87e4bd51dd0498,416,416,4,"B-eggs,B-eggs,B-eggs,B-eggs",heuristic-contour-generated; requires visual verification
val,images/val/brown4_jpeg.rf.12400b1bb8e7b299013fb41fac94ba37.jpg,labels/val/brown4_jpeg.rf.12400b1bb8e7b299013fb41fac94ba37.txt,c73a86ff7c61dfbb9a69f6d03c8cd5e4ba1befbe893015e4f38f44c7a24318c6,416,416,9,"B-eggs,B-eggs,B-eggs,B-eggs,B-eggs,B-eggs,B-eggs,B-eggs,B-eggs",heuristic-contour-generated; requires visual verification
val,images/val/brown6_jpeg.rf.9d6a0434ed2625df1162ec93b4c1f650.jpg,labels/val/brown6_jpeg.rf.9d6a0434ed2625df1162ec93b4c1f650.txt,ee56f469d37e89bcf1ddf1a86658f12bd25dd6a3190c5e4d2bdbe6e272520d83,416,416,1,B-eggs,heuristic-contour-generated; requires visual verification
val,images/val/IMG_20180410_171845_jpg.rf.a098be5f2d344b81a31a11986d44d2a9.jpg,labels/val/IMG_20180410_171845_jpg.rf.a098be5f2d344b81a31a11986d44d2a9.txt,ae74a079574d8139cc9b7db1144b311a3d8ace89590054151606d36ab4c68438,416,416,2,"B-eggs,B-eggs",heuristic-contour-generated; requires visual verification
val,images/val/IMG_20180410_171951_jpg.rf.7849df425d1587dd662d44342998dde9.jpg,labels/val/IMG_20180410_171951_jpg.rf.7849df425d1587dd662d44342998dde9.txt,50918fcd6461a18830f0b945c4dd3912ef0f1eab6291eb67e8eef31b94651b90,416,416,1,B-eggs,heuristic-contour-generated; requires visual verification
val,images/val/IMG_20180410_171957_jpg.rf.c1f44fd96da5eefa1457141f063dd68d.jpg,labels/val/IMG_20180410_171957_jpg.rf.c1f44fd96da5eefa1457141f063dd68d.txt,6875bbcc79b723b663b4327ce2b98f4901ed596fc349c724875f4bb7748007c3,416,416,2,"B-eggs,B-eggs",heuristic-contour-generated; requires visual verification
val,images/val/IMG_20180410_172425_jpg.rf.76090514519576b7047e7a62f8889ec6.jpg,labels/val/IMG_20180410_172425_jpg.rf.76090514519576b7047e7a62f8889ec6.txt,988eca7491a5d004404a2d7ec3431f2535de458048cbc215839e50189fa32e3c,416,416,2,"B-eggs,B-eggs",heuristic-contour-generated; requires visual verification
val,images/val/IMG_20180410_172432_jpg.rf.21209c830bd77c51c592b1fe526ebd90.jpg,labels/val/IMG_20180410_172432_jpg.rf.21209c830bd77c51c592b1fe526ebd90.txt,d6e7175de8d246dbdf64128122ab590bc6ddd2f9ef189ff0df5f9dc98e2f63c8,416,416,2,"B-eggs,B-eggs",heuristic-contour-generated; requires visual verification
val,images/val/IMG_20180410_172442_jpg.rf.bb919b97070cba0309927500da417b36.jpg,labels/val/IMG_20180410_172442_jpg.rf.bb919b97070cba0309927500da417b36.txt,7c38294137011f7c94023f401be8b28c69ee23aa28ba08fad2fb894bc61dc18d,416,416,2,"B-eggs,B-eggs",heuristic-contour-generated; requires visual verification
val,images/val/IMG_20180410_172444_jpg.rf.0cbc794eecaa677aac1f70ac1d9f75cf.jpg,labels/val/IMG_20180410_172444_jpg.rf.0cbc794eecaa677aac1f70ac1d9f75cf.txt,6b2cb8c4b25c53a5c3cfc3ea6e59f7f43a8b818ef0dc58db9bdc08628663ce23,416,416,2,"B-eggs,B-eggs",heuristic-contour-generated; requires visual verification
val,images/val/IMG_20180410_172525_jpg.rf.299cf974ef105446d5a47cad90ac830b.jpg,labels/val/IMG_20180410_172525_jpg.rf.299cf974ef105446d5a47cad90ac830b.txt,cd58cf291b1327603489674a7b9e6009a45ef5f5fe8d533dafb210205c86f86e,416,416,2,"B-eggs,B-eggs",heuristic-contour-generated; requires visual verification
val,images/val/IMG_20180410_172538_jpg.rf.f4262293acd6a295efb3504bca83c2b7.jpg,labels/val/IMG_20180410_172538_jpg.rf.f4262293acd6a295efb3504bca83c2b7.txt,8f481e23bef2bbc7200a1aa8b43f3856ae4872786c22de85056068fcfd400484,416,416,2,"B-eggs,B-eggs",heuristic-contour-generated; requires visual verification
val,images/val/IMG_20180410_172555_jpg.rf.0a0445bb6931572735631a1119c813c1.jpg,labels/val/IMG_20180410_172555_jpg.rf.0a0445bb6931572735631a1119c813c1.txt,90bd9babb09fc85b9c58de5634f468f95d252a0b3e8471b07d503dd43cdaddd1,416,416,2,"B-eggs,B-eggs",heuristic-contour-generated; requires visual verification
val,images/val/IMG_20180410_172624_jpg.rf.7ec347de0fc48081d65eb0df80c8a0dc.jpg,labels/val/IMG_20180410_172624_jpg.rf.7ec347de0fc48081d65eb0df80c8a0dc.txt,8f09a4a00bedb1ae09052da2c6855543cc505009cd9ed785b2ce2bbebaff35a6,416,416,2,"B-eggs,B-eggs",heuristic-contour-generated; requires visual verification
val,images/val/IMG_20180410_172701_jpg.rf.866859832b130a8e51ec5126a2fa85e9.jpg,labels/val/IMG_20180410_172701_jpg.rf.866859832b130a8e51ec5126a2fa85e9.txt,111212bbd1ae9ca5c73e8856c6cd7681c566a8dc73a2521e8d7420c1ef3d2581,416,416,2,"B-eggs,B-eggs",heuristic-contour-generated; requires visual verification
val,images/val/IMG_20180410_172705_jpg.rf.f7b765cd54543ede2777a34162120c97.jpg,labels/val/IMG_20180410_172705_jpg.rf.f7b765cd54543ede2777a34162120c97.txt,bfc5ae801d543e8b49eebe10e5d5f919e65d8de20434889d5730120ee585138e,416,416,2,"B-eggs,B-eggs",heuristic-contour-generated; requires visual verification
val,images/val/IMG_20180410_172708_jpg.rf.1867565cc7f531d490d0b33dd0dbf29a.jpg,labels/val/IMG_20180410_172708_jpg.rf.1867565cc7f531d490d0b33dd0dbf29a.txt,9bd0051331e249b22f4cdbee11dd3f306fc8ac5147b56112785e854b477fffc2,416,416,1,B-eggs,heuristic-contour-generated; requires visual verification
val,images/val/IMG_20180410_172718_jpg.rf.badfbf1b6c5c343e97d9decd0f2f72ab.jpg,labels/val/IMG_20180410_172718_jpg.rf.badfbf1b6c5c343e97d9decd0f2f72ab.txt,348b0c787a3d5a49ef381df69dcf69e01dfca545d4e683ab11581471175b30e0,416,416,1,B-eggs,heuristic-contour-generated; requires visual verification
val,images/val/mix3_jpeg.rf.fa36f76a7b4733e675ca1eda4446dca1.jpg,labels/val/mix3_jpeg.rf.fa36f76a7b4733e675ca1eda4446dca1.txt,4017f52e04a7a616fb5a0a24da3001466f0d4bdc0df2b0cfb3f9a5031f0b8c49,416,416,6,"W-eggs,W-eggs,W-eggs,W-eggs,B-eggs,B-eggs",heuristic-contour-generated; requires visual verification
val,images/val/white13_jpeg.rf.15fa9527bceb92de38704ad921061f08.jpg,labels/val/white13_jpeg.rf.15fa9527bceb92de38704ad921061f08.txt,d8df099bf5a73dcd3dddd6fbe95ce61eb239bfafca5de2e859041a01e88e48bd,416,416,2,"W-eggs,W-eggs",heuristic-contour-generated; requires visual verification
val,images/val/white20_jpeg.rf.46909956133e225babe48c5c55eb158f.jpg,labels/val/white20_jpeg.rf.46909956133e225babe48c5c55eb158f.txt,55420da9a0633d259ccc94321b4d6fdac3a4aabece02dac28fbf1a8ac0c2f173,416,416,1,W-eggs,heuristic-contour-generated; requires visual verification
val,images/val/white7_jpeg.rf.0b69e3aa493b48648cb219612bfee7d3.jpg,labels/val/white7_jpeg.rf.0b69e3aa493b48648cb219612bfee7d3.txt,32ccabf8b46bc68652c8cc660f55badaa334bc34cc2b60af100fc43091556296,416,416,3,"W-eggs,W-eggs,W-eggs",heuristic-contour-generated; requires visual verification
test,images/test/brown2_jpeg.rf.b0c07f5ac961732dd8557f50c75bc16c.jpg,labels/test/brown2_jpeg.rf.b0c07f5ac961732dd8557f50c75bc16c.txt,5586b302739a3d697ac078361eea88fdba0c9d6af07b52124f8b354a5124d825,416,416,1,B-eggs,heuristic-contour-generated; requires visual verification
test,images/test/IMG_20180410_171938_jpg.rf.7335fb990bb559058cd45cc20a1eafdb.jpg,labels/test/IMG_20180410_171938_jpg.rf.7335fb990bb559058cd45cc20a1eafdb.txt,8b1450acd41b53783f46de6971a5428a15a4e4ae17e9c49dc31e332e91c164d0,416,416,2,"B-eggs,B-eggs",heuristic-contour-generated; requires visual verification
test,images/test/IMG_20180410_172008_jpg.rf.25373d0c804be251cc32fc598a0d660a.jpg,labels/test/IMG_20180410_172008_jpg.rf.25373d0c804be251cc32fc598a0d660a.txt,4d413e7a26c257d803b4d198f996fba1eb25b53cfca44fb85709d2eeef19ec92,416,416,2,"B-eggs,B-eggs",heuristic-contour-generated; requires visual verification
test,images/test/IMG_20180410_172037_jpg.rf.60b37a793b38a348c8ea8dfea963e6aa.jpg,labels/test/IMG_20180410_172037_jpg.rf.60b37a793b38a348c8ea8dfea963e6aa.txt,2d8ebd643749998eb13f5c53fccedbc9eae5d096bb7776a116d9c88f52ab62ba,416,416,2,"B-eggs,B-eggs",heuristic-contour-generated; requires visual verification
test,images/test/IMG_20180410_172407_jpg.rf.dd8d1d16d9e072c46cbcef73196e19f7.jpg,labels/test/IMG_20180410_172407_jpg.rf.dd8d1d16d9e072c46cbcef73196e19f7.txt,dbade0937918d3c7ac573149e23384d0350c984d8896cb9f1fa8daabc6bccca1,416,416,2,"B-eggs,B-eggs",heuristic-contour-generated; requires visual verification
test,images/test/IMG_20180410_172435_jpg.rf.6e7da3b4d90a2d2c9fe1905360e38fdf.jpg,labels/test/IMG_20180410_172435_jpg.rf.6e7da3b4d90a2d2c9fe1905360e38fdf.txt,5a830ba4fb189b684211aec5b4b9ccd41515ab6adbc81d50b402223adf24f13d,416,416,2,"B-eggs,B-eggs",heuristic-contour-generated; requires visual verification
test,images/test/IMG_20180410_172459_jpg.rf.2697e9cac775b52d590e2839c94739d9.jpg,labels/test/IMG_20180410_172459_jpg.rf.2697e9cac775b52d590e2839c94739d9.txt,b6851676e780b1f535debb3b00d291936586c519e490b2c1408b391750f6200a,416,416,2,"B-eggs,B-eggs",heuristic-contour-generated; requires visual verification
test,images/test/IMG_20180410_172522_jpg.rf.621b634e9b4401c2d3e878a3be87c22f.jpg,labels/test/IMG_20180410_172522_jpg.rf.621b634e9b4401c2d3e878a3be87c22f.txt,bdab0839b025a521fab2266850709b75cd982646c3b2efb3d460152275b23a03,416,416,2,"B-eggs,B-eggs",heuristic-contour-generated; requires visual verification
test,images/test/IMG_20180410_172628_jpg.rf.2313ce40d6838e2ac9fb8f3bd4bb8c9c.jpg,labels/test/IMG_20180410_172628_jpg.rf.2313ce40d6838e2ac9fb8f3bd4bb8c9c.txt,16974dc001bc10db000f8a062c016968aec5353687f087c63108bb49f5944b5f,416,416,1,B-eggs,heuristic-contour-generated; requires visual verification
test,images/test/IMG_20180410_172632_jpg.rf.33a79bcec16d6d65f6e1c051c59a043f.jpg,labels/test/IMG_20180410_172632_jpg.rf.33a79bcec16d6d65f6e1c051c59a043f.txt,252d2b515558195476e911ac2a81f3b5f6edbf4c6abf8712c23a63fb168010e0,416,416,1,B-eggs,heuristic-contour-generated; requires visual verification
test,images/test/mix6_jpeg.rf.4429f8b50108079ed02e26bd70f3ab40.jpg,labels/test/mix6_jpeg.rf.4429f8b50108079ed02e26bd70f3ab40.txt,4f53e6079adee69c6f5c8347a6b0201997ce64da730e23228f689f671675c062,416,416,6,"W-eggs,W-eggs,W-eggs,B-eggs,B-eggs,B-eggs",heuristic-contour-generated; requires visual verification
test,images/test/mix9_jpeg.rf.9d5a02f86a7ec17b9229e8d563c8c91c.jpg,labels/test/mix9_jpeg.rf.9d5a02f86a7ec17b9229e8d563c8c91c.txt,72acaaeb421edd1a1928d86c6dc8ba6af1072ebaf3b9d19dd7c348d5cdc139f5,416,416,2,"W-eggs,B-eggs",heuristic-contour-generated; requires visual verification
test,images/test/white14_jpeg.rf.ae15d462753d5063667b8e156c6bdbac.jpg,labels/test/white14_jpeg.rf.ae15d462753d5063667b8e156c6bdbac.txt,cf42fb54cf9c9251d8f948197ac73c2a9bd60203dfd41afc1b3e647e49a8745f,416,416,3,"W-eggs,W-eggs,W-eggs",heuristic-contour-generated; requires visual verification
test,images/test/white18_jpeg.rf.c21e110ac199bb6122bbfdbb8ff6246c.jpg,labels/test/white18_jpeg.rf.c21e110ac199bb6122bbfdbb8ff6246c.txt,a984641e3950ed75b4069c5d1497bc9122aca1d28f572d936f360d92fa42bc72,416,416,2,"W-eggs,W-eggs",heuristic-contour-generated; requires visual verification
test,images/test/white2_jpeg.rf.9cb7374893a930d831db3283a8c70519.jpg,labels/test/white2_jpeg.rf.9cb7374893a930d831db3283a8c70519.txt,d6656f3b598862c8b39a2fa0e1ebaaa98a007321322e0f3bf53b9da474c318e7,416,416,10,"W-eggs,W-eggs,W-eggs,W-eggs,W-eggs,W-eggs,W-eggs,W-eggs,W-eggs,W-eggs",heuristic-contour-generated; requires visual verification
test,images/test/white3_jpeg.rf.834f9f038bcf3390837a7ff1a2628492.jpg,labels/test/white3_jpeg.rf.834f9f038bcf3390837a7ff1a2628492.txt,882d6e9fb207b99adafdf9b3783285e1e97e435e6f2f57e2ff9b493a58733adb,416,416,4,"W-eggs,W-eggs,W-eggs,W-eggs",heuristic-contour-generated; requires visual verification
test,images/test/white4_jpeg.rf.449d589674891c0c628d760c992b7047.jpg,labels/test/white4_jpeg.rf.449d589674891c0c628d760c992b7047.txt,00864c437f897f0bcdacee7e4caab1c1145a93ceb6811ffbf2ad707a3d7e0d2d,416,416,3,"W-eggs,W-eggs,W-eggs",heuristic-contour-generated; requires visual verification
test,images/test/white8_jpeg.rf.8dcd5f58cb99db0c1ce3334504125303.jpg,labels/test/white8_jpeg.rf.8dcd5f58cb99db0c1ce3334504125303.txt,1380fa2aa54bff8d3c163ce5090a93bf832f144bdbfafecd3d56e565eadd6158,416,416,5,"W-eggs,W-eggs,W-eggs,W-eggs,W-eggs",heuristic-contour-generated; requires visual verification
test,images/test/white9_jpeg.rf.641f61b041a9dcf23499c4590e410f6b.jpg,labels/test/white9_jpeg.rf.641f61b041a9dcf23499c4590e410f6b.txt,71ed2f34470ae4b3a6bed0c782a32856f150446b645dce5a2c665472aeb49ba3,416,416,5,"W-eggs,W-eggs,W-eggs,W-eggs,W-eggs",heuristic-contour-generated; requires visual verification
